{"noiseKey":{"private":{"type":"Buffer","data":"MKc7gjRRwYlphocxmv4RBua4/1S0t/8atkcz3MZzkmc="},"public":{"type":"Buffer","data":"bE2FRuoS03Ik6jr10pc01SsoG3pprrE3sMcvb2Xtey0="}},"pairingEphemeralKeyPair":{"private":{"type":"Buffer","data":"WLybhuAGeYv8U/HIqmVLLtvXfr9ijQzhuMlYm9gjd3A="},"public":{"type":"Buffer","data":"085B0IWav2nu2jSlBSl3bgNewObYfgN4+vau2F0ReCM="}},"signedIdentityKey":{"private":{"type":"Buffer","data":"WP4hNSQryrRCuhEwBnkmt5K12JMJE/mJPwC/gUgTA2E="},"public":{"type":"Buffer","data":"Qtx3MclhPFBZL/C9v3QRwG2KLKoPue+6tJAW2v0ybBc="}},"signedPreKey":{"keyPair":{"private":{"type":"Buffer","data":"oIcZr5C7sgxKg+q7SrdM5R5jV8g/9XfUdj/R/onmXkg="},"public":{"type":"Buffer","data":"TAUPRHEvT+2SGoQv7JG3aif7A8BGPft1Ho/rnZMPo1k="}},"signature":{"type":"Buffer","data":"lU50mhX93cZfilIHKI+iz9FejIaxfur4m2wUBNd6MUgKPib+EE77UBSvRSO65yKKZ6wSR5Xyf6hDY+Sp8kgqjw=="},"keyId":1},"registrationId":115,"advSecretKey":"jd4I6U5H804G4A+Z5B26Yr28rRVg9dergToZIakrRqc=","processedHistoryMessages":[],"nextPreKeyId":1,"firstUnuploadedPreKeyId":1,"accountSyncCounter":0,"accountSettings":{"unarchiveChats":false},"deviceId":"0WKdDZrGQcK5TFIyZmzkYw","phoneId":"caf3bb85-7530-42f6-b408-eb2c6eefabc7","identityId":{"type":"Buffer","data":"bkluhZXLTYabXP9jrzCGMbnoNwA="},"registered":false,"backupToken":{"type":"Buffer","data":"OLuRxsswhFB8XIvevgntJ+JmSyM="},"registration":{},"pairingCode":"XG9FZMQ9","me":{"id":"50582340051@s.whatsapp.net","name":"~"}}